SeniorCitizen,tenure,MonthlyCharges,TotalCharges,Churn,gender_Male,Partner_Yes,Dependents_Yes,PhoneService_Yes,MultipleLines_No phone service,MultipleLines_Yes,InternetService_Fiber optic,InternetService_No,OnlineSecurity_No internet service,OnlineSecurity_Yes,OnlineBackup_No internet service,OnlineBackup_Yes,DeviceProtection_No internet service,DeviceProtection_Yes,TechSupport_No internet service,TechSupport_Yes,StreamingTV_No internet service,StreamingTV_Yes,StreamingMovies_No internet service,StreamingMovies_Yes,Contract_One year,Contract_Two year,PaperlessBilling_Yes,PaymentMethod_Credit card (automatic),PaymentMethod_Electronic check,PaymentMethod_Mailed check,churn_probability
1,1,95.1,95.1,1,1,1,0,1,0,1,1,0,0,0,0,0,0,0,0,0,0,1,0,1,0,0,1,0,1,0,0.9313720950371299
1,1,100.8,100.8,1,0,1,0,1,0,1,1,0,0,0,0,0,0,1,0,0,0,1,0,1,0,0,1,0,1,0,0.9299941405524513
1,2,93.85,170.85,1,0,0,0,1,0,1,1,0,0,0,0,0,0,0,0,0,0,1,0,1,0,0,1,0,1,0,0.9285564684954217
1,1,94.0,94.0,1,1,0,0,1,0,1,1,0,0,0,0,0,0,0,0,0,0,1,0,1,0,0,1,0,1,0,0.9282127375337569
1,1,93.55,93.55,1,1,0,0,1,0,1,1,0,0,0,0,0,0,0,0,0,0,1,0,1,0,0,1,0,1,0,0.9278852343862132
1,3,94.6,279.55,1,1,1,0,1,0,1,1,0,0,0,0,0,0,0,0,0,0,1,0,1,0,0,1,0,1,0,0.9275426674177824
1,4,95.45,396.1,1,0,0,0,1,0,1,1,0,0,0,0,0,0,0,0,0,0,1,0,1,0,0,1,0,1,0,0.9269010043359724
1,4,94.3,424.45,1,0,0,0,1,0,1,1,0,0,0,0,0,0,0,0,0,0,1,0,1,0,0,1,0,1,0,0.9266110176111537
1,2,93.85,196.75,1,1,0,0,1,0,1,1,0,0,0,0,0,0,0,0,0,0,1,0,1,0,0,1,0,1,0,0.9265153566266201
1,2,94.0,181.7,1,1,0,0,1,0,1,1,0,0,0,0,0,0,0,0,0,0,1,0,1,0,0,1,0,1,0,0.9263366283621467
1,3,94.85,335.75,0,1,0,0,1,0,1,1,0,0,0,0,0,0,0,0,0,0,1,0,1,0,0,1,0,1,0,0.9263220889294171
0,1,94.6,94.6,1,0,0,0,1,0,1,1,0,0,0,0,0,0,0,0,0,0,1,0,1,0,0,1,0,1,0,0.920342784859075
1,1,85.05,85.05,1,0,0,0,1,0,1,1,0,0,0,0,0,0,0,0,0,0,0,0,1,0,0,1,0,1,0,0.9201384187765819
0,3,95.2,292.85,1,0,1,0,1,0,1,1,0,0,0,0,0,0,0,0,0,0,1,0,1,0,0,1,0,1,0,0.9198681892942644
0,1,93.85,93.85,1,0,0,0,1,0,1,1,0,0,0,0,0,0,0,0,0,0,1,0,1,0,0,1,0,1,0,0.9197414391168335
0,2,96.0,174.8,1,0,0,0,1,0,1,1,0,0,0,0,0,0,0,0,0,0,1,0,1,0,0,1,0,1,0,0.9192320238377264
0,2,95.15,196.9,1,0,0,0,1,0,1,1,0,0,0,0,0,0,0,0,0,0,1,0,1,0,0,1,0,1,0,0.9190211580859547
1,1,91.3,91.3,1,0,0,0,1,0,0,1,0,0,0,0,0,0,0,0,0,0,1,0,1,0,0,1,0,1,0,0.918948279362067
0,3,96.6,291.9,1,0,0,0,1,0,1,1,0,0,0,0,0,0,0,0,0,0,1,0,1,0,0,1,0,1,0,0.9182453282968048
0,1,95.45,95.45,1,1,0,0,1,0,1,1,0,0,0,0,0,0,0,0,0,0,1,0,1,0,0,1,0,1,0,0.9182387856396795
1,7,101.95,700.85,1,1,1,0,1,0,1,1,0,0,0,0,0,0,1,0,0,0,1,0,1,0,0,1,0,1,0,0.9179594617075023
1,2,84.05,186.05,0,0,0,0,1,0,1,1,0,0,0,0,0,0,0,0,0,0,0,0,1,0,0,1,0,1,0,0.9175498530243902
1,1,89.3,89.3,1,0,0,0,1,0,0,1,0,0,0,0,0,0,0,0,0,0,1,0,1,0,0,1,0,1,0,0.9173097803878638
1,7,99.25,665.45,1,1,1,0,1,0,1,1,0,0,0,0,0,0,1,0,0,0,1,0,1,0,0,1,0,1,0,0.9150062815796877
0,1,101.45,101.45,1,1,0,0,1,0,1,1,0,0,0,0,0,0,1,0,0,0,1,0,1,0,0,1,0,1,0,0.9139573288172829
1,4,84.6,360.1,1,0,0,0,1,0,1,1,0,0,0,0,0,0,0,0,0,0,0,0,1,0,0,1,0,1,0,0.9136731141574796
1,8,100.6,819.4,1,1,0,0,1,0,1,1,0,0,0,0,0,0,1,0,0,0,1,0,1,0,0,1,0,1,0,0.9125364188757833
1,11,99.55,1131.2,1,0,1,0,1,0,1,1,0,0,0,0,0,0,1,0,0,0,1,0,1,0,0,1,0,1,0,0.9119812126352476
1,1,86.05,86.05,1,1,1,0,1,0,1,1,0,0,0,0,0,0,0,0,0,0,1,0,0,0,0,1,0,1,0,0.9118350007331493
1,2,88.55,179.25,1,0,0,0,1,0,1,1,0,0,0,0,0,0,1,0,0,0,0,0,1,0,0,1,0,1,0,0.9116770237084705
1,1,85.7,85.7,1,0,0,0,1,0,1,1,0,0,0,0,0,0,0,0,0,0,1,0,0,0,0,1,0,1,0,0.9116251215965847
1,3,105.9,334.65,1,1,1,0,1,0,1,1,0,0,0,0,1,0,1,0,0,0,1,0,1,0,0,1,0,1,0,0.9111873602982039
1,10,95.35,898.35,1,1,0,0,1,0,1,1,0,0,0,0,0,0,0,0,0,0,1,0,1,0,0,1,0,1,0,0.91114594513755
1,6,84.35,474.9,1,0,1,0,1,0,1,1,0,0,0,0,0,0,0,0,0,0,0,0,1,0,0,1,0,1,0,0.9105588513926346
1,9,100.5,918.6,1,1,0,0,1,0,1,1,0,0,0,0,0,0,1,0,0,0,1,0,1,0,0,1,0,1,0,0.9104663572744214
1,7,84.55,646.85,1,0,1,0,1,0,1,1,0,0,0,0,0,0,0,0,0,0,0,0,1,0,0,1,0,1,0,0.9103874904856393
0,3,100.95,329.95,1,1,0,0,1,0,1,1,0,0,0,0,0,0,1,0,0,0,1,0,1,0,0,1,0,1,0,0.9102636886694476
1,13,95.05,1290.0,1,0,0,0,1,0,1,1,0,0,0,0,0,0,0,0,0,0,1,0,1,0,0,1,0,1,0,0.9100857783622033
1,2,85.55,187.45,1,0,0,0,1,0,1,1,0,0,0,0,0,0,0,0,0,0,1,0,0,0,0,1,0,1,0,0.9095507038665753
1,13,95.25,1233.65,1,1,1,0,1,0,1,1,0,0,0,0,0,0,0,0,0,0,1,0,1,0,0,1,0,1,0,0.9088619547491145
0,5,100.5,514.0,1,0,0,0,1,0,1,1,0,0,0,0,0,0,1,0,0,0,1,0,1,0,0,1,0,1,0,0.9085852995639462
0,1,85.0,85.0,1,0,0,0,1,0,1,1,0,0,0,0,0,0,0,0,0,0,0,0,1,0,0,1,0,1,0,0.9077930533840601
1,4,88.85,372.45,1,0,0,0,1,0,1,1,0,0,0,0,0,0,1,0,0,0,0,0,1,0,0,1,0,1,0,0.9077789690896151
1,5,91.4,449.75,1,1,0,0,1,0,0,1,0,0,0,0,0,0,0,0,0,0,1,0,1,0,0,1,0,1,0,0.9074119007738263
1,6,89.35,567.8,0,0,0,0,1,0,0,1,0,0,0,0,0,0,0,0,0,0,1,0,1,0,0,1,0,1,0,0.907120151860742
1,6,98.25,560.6,1,0,0,0,1,0,1,1,0,0,0,0,1,0,0,0,0,0,1,0,1,0,0,1,0,1,0,0.9068215300916369
1,3,105.0,294.45,1,1,0,0,1,0,1,1,0,0,0,0,1,0,1,0,0,0,1,0,1,0,0,1,0,1,0,0.9064455186877474
1,5,89.5,477.7,1,1,0,0,1,0,0,1,0,0,0,0,0,0,0,0,0,0,1,0,1,0,0,1,0,1,0,0.9063692025740476
0,1,86.6,86.6,1,1,0,0,1,0,1,1,0,0,0,0,0,0,0,0,0,0,0,0,1,0,0,1,0,1,0,0.9060895359003184
0,2,85.7,169.8,1,0,0,0,1,0,1,1,0,0,0,0,0,0,0,0,0,0,0,0,1,0,0,1,0,1,0,0.9060030472698928
0,1,90.75,90.75,1,1,1,0,1,0,0,1,0,0,0,0,0,0,0,0,0,0,1,0,1,0,0,1,0,1,0,0.9058715917221366
0,7,94.1,701.3,0,1,0,0,1,0,1,1,0,0,0,0,0,0,0,0,0,0,1,0,1,0,0,1,0,1,0,0.9054835149197213
1,7,89.5,676.7,1,1,1,0,1,0,0,1,0,0,0,0,0,0,0,0,0,0,1,0,1,0,0,1,0,1,0,0.9052929219876248
0,1,93.3,93.3,1,1,0,1,1,0,1,1,0,0,0,0,0,0,0,0,0,0,1,0,1,0,0,1,0,1,0,0.9049474758219908
1,16,96.4,1581.2,1,0,0,0,1,0,1,1,0,0,0,0,0,0,0,0,0,0,1,0,1,0,0,1,0,1,0,0.9049453781581074
0,9,94.75,889.9,1,0,0,0,1,0,1,1,0,0,0,0,0,0,0,0,0,0,1,0,1,0,0,1,0,1,0,0.9048464914110753
1,8,84.0,613.4,1,0,1,0,1,0,1,1,0,0,0,0,0,0,0,0,0,0,0,0,1,0,0,1,0,1,0,0.904718027668672
1,4,83.25,308.05,0,0,1,0,1,0,1,1,0,0,0,0,0,0,0,0,0,0,1,0,0,0,0,1,0,1,0,0.9045782554295426
1,4,94.75,422.4,0,1,0,0,1,0,0,1,0,0,0,0,0,0,1,0,0,0,1,0,1,0,0,1,0,1,0,0.9039256483531494
0,7,93.85,635.6,1,1,0,0,1,0,1,1,0,0,0,0,0,0,0,0,0,0,1,0,1,0,0,1,0,1,0,0.9036660889285217
1,16,96.15,1529.2,1,0,0,0,1,0,1,1,0,0,0,0,0,0,0,0,0,0,1,0,1,0,0,1,0,1,0,0.9034539067179996
1,7,89.0,605.45,0,1,1,0,1,0,0,1,0,0,0,0,0,0,0,0,0,0,1,0,1,0,0,1,0,1,0,0.9031045154928694
0,2,90.4,168.2,1,0,0,0,1,0,0,1,0,0,0,0,0,0,0,0,0,0,1,0,1,0,0,1,0,1,0,0.9030020709925692
0,2,86.0,165.45,1,1,0,0,1,0,1,1,0,0,0,0,0,0,0,0,0,0,0,0,1,0,0,1,0,1,0,0.9029222574050186
1,12,99.45,1200.15,1,1,0,0,1,0,1,1,0,0,0,0,0,0,1,0,0,0,1,0,1,0,0,1,0,1,0,0.9029020670731113
0,11,94.0,1078.9,1,0,1,0,1,0,1,1,0,0,0,0,0,0,0,0,0,0,1,0,1,0,0,1,0,1,0,0.9028141187498823
1,7,89.15,574.35,0,0,0,0,1,0,0,1,0,0,0,0,0,0,0,0,0,0,1,0,1,0,0,1,0,1,0,0.902586080380343
1,6,95.75,573.75,1,1,1,0,1,0,0,1,0,0,0,0,0,0,1,0,0,0,1,0,1,0,0,1,0,1,0,0.9025848605449295
1,14,95.6,1273.3,0,1,0,0,1,0,1,1,0,0,0,0,0,0,0,0,0,0,1,0,1,0,0,1,0,1,0,0.9025459686714393
0,1,90.55,90.55,1,1,0,0,1,0,0,1,0,0,0,0,0,0,0,0,0,0,1,0,1,0,0,1,0,1,0,0.9025285869263802
1,2,79.6,195.05,1,0,0,0,1,0,0,1,0,0,0,0,0,0,0,0,0,0,0,0,1,0,0,1,0,1,0,0.9024872472097959
0,1,89.9,89.9,1,1,0,0,1,0,0,1,0,0,0,0,0,0,0,0,0,0,1,0,1,0,0,1,0,1,0,0.901903578521143
0,8,99.65,820.5,1,0,0,0,1,0,1,1,0,0,0,0,0,0,1,0,0,0,1,0,1,0,0,1,0,1,0,0.9016900435635236
0,1,89.55,89.55,1,1,0,0,1,0,0,1,0,0,0,0,0,0,0,0,0,0,1,0,1,0,0,1,0,1,0,0.9015655580645472
0,1,89.25,89.25,0,1,0,0,1,0,0,1,0,0,0,0,0,0,0,0,0,0,1,0,1,0,0,1,0,1,0,0.901275000812823
0,1,89.1,89.1,1,1,0,0,1,0,0,1,0,0,0,0,0,0,0,0,0,0,1,0,1,0,0,1,0,1,0,0.9011294359771483
1,1,88.8,88.8,1,1,0,0,1,0,1,1,0,0,0,0,0,0,1,0,0,0,1,0,0,0,0,1,0,1,0,0.9010276967247509
1,9,84.45,762.5,1,0,0,0,1,0,1,1,0,0,0,0,0,0,0,0,0,0,0,0,1,0,0,1,0,1,0,0.9010119199569933
1,17,92.55,1614.7,0,0,1,0,1,0,1,1,0,0,0,0,0,0,0,0,0,0,1,0,1,0,0,1,0,1,0,0.9007829209583358
0,9,95.5,829.1,1,1,0,0,1,0,1,1,0,0,0,0,0,0,0,0,0,0,1,0,1,0,0,1,0,1,0,0.9007500711449659
1,10,86.65,856.65,1,1,1,0,1,0,1,1,0,0,0,0,0,0,0,0,0,0,0,0,1,0,0,1,0,1,0,0.9006671052817173
0,4,100.2,420.2,1,1,1,0,1,0,1,1,0,0,0,0,1,0,0,0,0,0,1,0,1,0,0,1,0,1,0,0.9005788066250684
0,1,99.75,99.75,1,1,0,1,1,0,1,1,0,0,0,0,0,0,1,0,0,0,1,0,1,0,0,1,0,1,0,0.9004861518877297
1,8,105.5,829.55,1,0,0,0,1,0,1,1,0,0,0,0,1,0,1,0,0,0,1,0,1,0,0,1,0,1,0,0.9004168816150478
0,1,88.35,88.35,1,1,0,0,1,0,0,1,0,0,0,0,0,0,0,0,0,0,1,0,1,0,0,1,0,1,0,0.9003987424528527
0,3,85.3,264.8,1,1,0,0,1,0,1,1,0,0,0,0,0,0,0,0,0,0,0,0,1,0,0,1,0,1,0,0.9000816235063249
1,1,74.45,74.45,1,0,1,0,1,0,1,1,0,0,0,0,0,0,0,0,0,0,0,0,0,0,0,1,0,1,0,0.8995325425078926
0,3,89.45,240.45,1,0,0,0,1,0,0,1,0,0,0,0,0,0,0,0,0,0,1,0,1,0,0,1,0,1,0,0.8992390550485165
0,10,100.6,1060.2,1,0,0,0,1,0,1,1,0,0,0,0,0,0,1,0,0,0,1,0,1,0,0,1,0,1,0,0.89922095777532
1,1,90.6,90.6,1,0,1,0,1,0,1,1,0,0,0,0,1,0,0,0,0,0,1,0,0,0,0,1,0,1,0,0.8991507256208483
0,3,92.0,266.8,0,1,0,0,1,0,0,1,0,0,0,0,0,0,0,0,0,0,1,0,1,0,0,1,0,1,0,0.8989519391010287
1,17,94.2,1608.15,0,0,0,0,1,0,1,1,0,0,0,0,0,0,0,0,0,0,1,0,1,0,0,1,0,1,0,0.8989148157632185
1,1,85.0,85.0,1,0,0,0,1,0,0,1,0,0,0,0,0,0,1,0,0,0,0,0,1,0,0,1,0,1,0,0.8987095597150573
1,14,95.8,1346.3,0,0,1,1,1,0,1,1,0,0,0,0,0,0,0,0,0,0,1,0,1,0,0,1,0,1,0,0.8985005381284795
1,17,94.8,1563.9,0,1,1,0,1,0,1,1,0,0,0,0,0,0,0,0,0,0,1,0,1,0,0,1,0,1,0,0.8982560998635469
1,12,101.35,1218.55,1,1,1,0,1,0,1,1,0,0,0,0,1,0,0,0,0,0,1,0,1,0,0,1,0,1,0,0.898175001510713
1,9,85.05,746.5,1,1,0,0,1,0,1,1,0,0,0,0,0,0,0,0,0,0,0,0,1,0,0,1,0,1,0,0.8977789287545267
1,9,83.85,790.15,1,1,0,0,1,0,1,1,0,0,0,0,0,0,0,0,0,0,0,0,1,0,0,1,0,1,0,0.8977313801428142
0,4,85.65,338.9,1,1,0,0,1,0,1,1,0,0,0,0,0,0,0,0,0,0,0,0,1,0,0,1,0,1,0,0.8975429910450157
1,19,94.95,1760.25,0,0,1,0,1,0,1,1,0,0,0,0,0,0,0,0,0,0,1,0,1,0,0,1,0,1,0,0.8972869308377556
